,Age,Income,Gender_Code,Education_Code,Occupation_Code
Age,1.0,0.2236701737278308,0.03251052809983137,0.005742530031236519,-0.017663416716820892
Income,0.2236701737278308,1.0,0.0503550216106299,0.09185541676289256,0.029389294115637597
Gender_Code,0.03251052809983137,0.0503550216106299,1.0,-0.028146036335643772,0.01374783419561044
Education_Code,0.005742530031236519,0.09185541676289256,-0.028146036335643772,1.0,-0.010642431673392422
Occupation_Code,-0.017663416716820892,0.029389294115637597,0.01374783419561044,-0.010642431673392422,1.0
