model,accuracy,rmse,precision,recall
Logistic Regression,0.7728,0.47665501151251943,0.5989847715736041,0.3653250773993808
Decision Tree,0.7696,0.48,0.6129032258064516,0.29411764705882354
Random Forest,0.776,0.4732863826479693,0.680672268907563,0.25077399380804954
