,Age,Income,Gender_Code,Education_Code,Occupation_Code
Age,1.0,0.22638142074195522,0.08120968471147415,-0.012881863673234233,-0.02243410276842492
Income,0.22638142074195522,1.0,0.2008982267470053,0.09185541676289256,0.029389294115637597
Gender_Code,0.08120968471147415,0.2008982267470053,1.0,-0.028342553946242015,0.05756143059857516
Education_Code,-0.012881863673234233,0.09185541676289256,-0.028342553946242015,1.0,-0.010642431673392422
Occupation_Code,-0.02243410276842492,0.029389294115637597,0.05756143059857516,-0.010642431673392422,1.0
