model,accuracy,rmse,precision,recall
Logistic Regression,0.7664,0.4833218389437829,0.5763546798029556,0.3622291021671827
Decision Tree,0.7808,0.468187996428785,0.64,0.34674922600619196
Random Forest,0.7816,0.4673328578219169,0.6923076923076923,0.2786377708978328
