feature,t_statistic,approximate_p_value,ks_statistic,kl_divergence,wasserstein_distance
Age,0.052549085107638345,0.958091185073265,0.13880000000000003,9.687722960189772,2.5742
Education_Code,0.0,1.0,0.0,0.0,0.0
Gender_Code,-10.208066896016232,1.824637324012165e-24,0.33520000000000005,0.8470709933239601,0.524
Income,0.0,1.0,0.0,0.0,0.0
Occupation_Code,0.0,1.0,0.0,0.0,0.0
